nextcloud,a801e3ffcf,a801e3ffcf,8d98c2906c
alpine,889772fcf5,889772fcf5,889772fcf5
tomee,4ff9c051b6,4ff9c051b6,4ff9c051b6
redmine,3fd323c83c,3fd323c83c,06b064e663
unit,092f7d1031,092f7d1031,092f7d1031
yourls,bf754fa377,bf754fa377,bf754fa377
adminer,07b3b8cd67,026c5a433d,a38b7f4233
docker,b05a2a62ae,b05a2a62ae,c3b07f3a89
monica,70ddc80238,70ddc80238,3ed1552b9f
notary,b7d3341161,4588535bd7,b7d3341161
fluentd,116171817d,116171817d,116171817d
couchdb,ba38273a37,ba38273a37,95a44a2407
oraclelinux,47ea221639,4e75817129,dee220aaa0
drupal,9ce9f39fb6,9ce9f39fb6,15fc46735e
satosa,a829b1beb7,a829b1beb7,a829b1beb7
mariadb,8c5724da26,8c5724da26,8c5724da26
tomcat,5e947ebfbe,5e947ebfbe,5e947ebfbe
kibana,91cbef7619,91cbef7619,91cbef7619
debian,cd53d055d4,cd53d055d4,30378f3a56
cirros,da98fdf6a1,da98fdf6a1,9fc7072231
wordpress,c3b41e034a,c3b41e034a,768959a71e
python,1541851400,1541851400,e434592e3c
clojure,be7f86d918,cf8601fec3,72610b4668
logstash,91cbef7619,91cbef7619,91cbef7619
redis,eb3e2ac84f,eb3e2ac84f,4aa74b3f62
golang,a8547817de,a8547817de,da8c615327
jetty,825453723b,5788cc5f1e,feab06535e
dart,5a58acc1b9,5a58acc1b9,91ce82bd8f
nats-streaming,40875318a4,40875318a4,a375f1e19a
centos,c3f3f139dd,c3f3f139dd,c3f3f139dd
haxe,fae3675cd5,fae3675cd5,fae3675cd5
phpmyadmin,c32e5b5c8d,c32e5b5c8d,c32e5b5c8d
maven,73808e4ad2,083459dc5b,73808e4ad2
rockylinux,59372e1866,a6a0e2bd04,59372e1866
perl,c15c6dfa35,c15c6dfa35,c15c6dfa35
percona,1b71abad4e,1b71abad4e,a4c094a287
websphere-liberty,63faf3f6ce,1fa3b24ddd,5b28801cda
arangodb,4d8f1e1366,4d8f1e1366,4d8f1e1366
rust,87bb5fd6cd,87bb5fd6cd,427408af86
geonetwork,d8084caf99,d8084caf99,d8084caf99
kong,59da5c7694,59da5c7694,59da5c7694
ibmjava,5b19e97b84,5b19e97b84,5b19e97b84
buildpack-deps,06b064e663,0c2bca49ae,a27b41c64b
gcc,f62a22f52f,f62a22f52f,f62a22f52f
rabbitmq,67c5ec1154,67c5ec1154,67c5ec1154
hello-world,0d2d857677,0d2d857677,b04f64dd64
rethinkdb,b5068f3e97,b5068f3e97,b5068f3e97
php,fcd3fe4e6f,fcd3fe4e6f,fcd3fe4e6f
bonita,8d88f6b6db,8d88f6b6db,b6add01f23
varnish,f0ba4d4c25,f0ba4d4c25,a5239d43f0
bash,75afdece43,75afdece43,d11035a1ad
neurodebian,b108fb3269,b108fb3269,b108fb3269
solr,079cdac995,079cdac995,079cdac995
ghost,389d32e7a8,389d32e7a8,389d32e7a8
gradle,833f9b696b,833f9b696b,4fa5e7f8c2
influxdb,ae865817f0,a87b67a9f2,8e7f227445
memcached,95f73ba37a,95f73ba37a,95f73ba37a
openjdk,326e61360d,326e61360d,326e61360d
busybox,61f9fb160a,36efc44bb1,1358f240d7
pypy,fa65aab50e,fa65aab50e,8860eedc05
postgres,1b935c0d3b,7e70e9046c,1b935c0d3b
nats,39196babec,39196babec,2c816de471
httpd,3e6e4dafbb,3e6e4dafbb,3e6e4dafbb
crate,fa9884649a,fa9884649a,fa9884649a
nginx,e23a9b512b,85377d7651,dc0cc2a8aa
irssi,40590bd320,40590bd320,40590bd320
eclipse-temurin,3ebb22c899,3ebb22c899,3ebb22c899
aerospike,9268de9a1f,9268de9a1f,9268de9a1f
cassandra,eccd1d4b31,eccd1d4b31,eccd1d4b31
rocket.chat,172b321526,172b321526,fcf775f468
convertigo,b65b73e174,b65b73e174,b65b73e174
jruby,8235f635c0,8235f635c0,8235f635c0
mysql,3b2ef60353,3b2ef60353,32e4fe2407
archlinux,fd9dcf19c8,fd9dcf19c8,fd9dcf19c8
mongo-express,624e5af92a,624e5af92a,624e5af92a
hylang,051d297b5d,051d297b5d,eab2bcd427
almalinux,e08fdc43c1,e08fdc43c1,1d9312fe74
julia,fa96abd9ea,fa96abd9ea,fa96abd9ea
mongo,a059dd9844,a059dd9844,c88586ab12
groovy,11032cf3d1,11032cf3d1,11032cf3d1
postfixadmin,c9d33dbd65,c9d33dbd65,c9d33dbd65
node,4a9b3129c2,4a9b3129c2,4a9b3129c2
sonarqube,668ac67ce3,3f2ad8a7e0,cd38d9621b
silverpeas,647b87426b,647b87426b,647b87426b
friendica,9e7577158b,9e7577158b,9e7577158b
express-gateway,f1f3f5bf5d,f1f3f5bf5d,f1f3f5bf5d
caddy,bdcbee1436,bdcbee1436,bdcbee1436
amazoncorretto,278160d990,4034f99010,fab9b1f773
mediawiki,4944058549,4944058549,4944058549
elasticsearch,91cbef7619,91cbef7619,91cbef7619
joomla,86dc5e4244,86dc5e4244,86dc5e4244
ruby,674e3b2049,674e3b2049,4a4e88f3e0
ibm-semeru-runtimes,61515238bc,61515238bc,61515238bc
traefik,a8ff21dda3,a8ff21dda3,a8ff21dda3
spark,124747344c,124747344c,4744d74b96
matomo,fc37b0a3f7,fc37b0a3f7,fc37b0a3f7
haproxy,cfa1c224a3,cfa1c224a3,cfa1c224a3
couchbase,f977494646,f977494646,f977494646
