unit,2018/01/31 01:09:57,377 days, 23:09:57
adminer,2018/02/10 05:51:33,652 days, 7:02:47
notary,2023/10/16 22:37:53,2813 days, 18:22:02
fluentd,2016/08/19 05:33:47,455 days, 13:27:12
couchdb,2019/12/07 10:05:50,2179 days, 11:38:27
oraclelinux,2022/11/26 10:41:00,3109 days, 9:10:42
clojure,2018/11/05 08:59:35,1545 days, 2:21:54
nats-streaming,2021/07/29 01:36:50,1815 days, 20:06:37
centos,2016/06/29 23:28:40,890 days, 12:52:07
maven,2019/08/24 19:17:39,1780 days, 18:50:43
rockylinux,2023/04/07 22:50:11,672 days, 8:04:54
percona,2018/03/29 16:40:33,811 days, 6:03:19
websphere-liberty,2023/10/28 02:19:31,3258 days, 0:04:34
kong,2019/04/25 06:40:05,1524 days, 17:35:34
buildpack-deps,2015/06/19 08:02:51,394 days, 23:43:58
bonita,2020/10/13 16:04:33,1532 days, 23:46:36
solr,2020/09/12 01:29:29,6939 days, 18:44:53
gradle,2018/09/23 10:34:20,644 days, 2:02:43
influxdb,2021/02/18 08:22:17,1715 days, 8:39:56
nats,2021/06/22 02:08:04,2144 days, 19:24:34
crate,2018/11/15 19:32:28,1535 days, 1:01:08
nginx,2020/11/02 19:06:43,2237 days, 21:45:48
convertigo,2018/01/26 00:42:37,2295 days, 7:09:42
jruby,2017/03/07 04:02:26,901 days, 18:31:38
almalinux,2022/09/14 14:04:36,585 days, 19:19:28
groovy,2018/09/23 10:36:32,650 days, 18:10:47
sonarqube,2021/07/02 21:20:17,2249 days, 4:18:30
amazoncorretto,2020/05/15 03:10:13,545 days, 18:46:04
elasticsearch,2018/09/17 15:17:50,1347 days, 6:11:55
joomla,2018/06/04 02:30:16,1043 days, 22:04:40
